﻿<?xml version="1.0" encoding="utf-8"?>
<extension type="module" version="2.5" method="upgrade" client="site" >
	<name>JProgress</name>
    <author>Mostafa Shahiri</author>
    <copyright></copyright>
    <license>GNU/GPL</license>
    <authorEmail>mostafa2134@gmail.com</authorEmail>
    <authorUrl>www.extensions.joomla.com</authorUrl>
    <version></version>
	<description>
    show your workflows in progress bars.
   </description>
	<files>
    <filename module="mod_jprogress">mod_jprogress.php</filename>
    <filename>index.html</filename>
    <filename>helper.php</filename>
    <folder>tmpl</folder>
    <folder>css</folder>
    <folder>js</folder>
    </files>
    <languages>
    	  <language tag="en-GB">language/en-GB/en-GB.mod_jprogress.ini</language>
          <language tag="fa-IR">language/fa-IR/fa-IR.mod_jprogress.ini</language>
        </languages>
    <config>
    <fields name="params">
     <fieldset name="basic"  >
    <field name="titles" type="textarea" rows="10" cols="40"   label="MOD_JPROGRESS_TITLES_LABEL" description="MOD_JPROGRESS_TITLES_DESC" />
    <field name="desc1" type="textarea" rows="10" cols="40"   label="MOD_JPROGRESS_DESC1_LABEL" description="MOD_JPROGRESS_DESC1_DESC" />
    <field name="desc2" type="textarea" rows="10" cols="40"   label="MOD_JPROGRESS_DESC2_LABEL" description="MOD_JPROGRESS_DESC2_DESC" />
    <field name="desc3" type="textarea" rows="10" cols="40"   label="MOD_JPROGRESS_DESC3_LABEL" description="MOD_JPROGRESS_DESC3_DESC" />
    <field name="values" type="textarea" rows="10" cols="40"   label="MOD_JPROGRESS_VALUES_LABEL" description="MOD_JPROGRESS_VALUES_DESC" />
    <field name="desc1_width" type="text" default="15%"   label="MOD_JPROGRESS_DESC1_WIDTH_LABEL" description="MOD_JPROGRESS_DESC1_WIDTH_DESC" />
    <field name="desc2_width" type="text" default="15%"   label="MOD_JPROGRESS_DESC2_WIDTH_LABEL" description="MOD_JPROGRESS_DESC2_WIDTH_DESC" />
    <field name="desc3_width" type="text" default="15%"  label="MOD_JPROGRESS_DESC3_WIDTH_LABEL" description="MOD_JPROGRESS_DESC3_WIDTH_DESC" />
    <field name="type" type="radio" default="1" label="MOD_JPROGRESS_TYPE_LABEL" description="MOD_JPROGRESS_TYPE_DESC">
     <option value="0">MOD_JPROGRESS_TYPE_S</option>
     <option value="1">MOD_JPROGRESS_TYPE_A</option>
    </field>
    <field name="color" type="list" default="blue" label="MOD_JPROGRESS_COLOR_LABEL" description="MOD_JPROGRESS_COLOR_DESC">
     <option value="blue">MOD_JPROGRESS_BLUE</option>
     <option value="red">MOD_JPROGRESS_RED</option>
     <option value="green">MOD_JPROGRESS_GREEN</option>
     <option value="golden">MOD_JPROGRESS_GOLDEN</option>
     <option value="orange">MOD_JPROGRESS_ORANGE</option>
     <option value="violet">MOD_JPROGRESS_VIOLET</option>
     <option value="brown">MOD_JPROGRESS_BROWN</option>
     <option value="black">MOD_JPROGRESS_BLACK</option>
    </field>
    <field name="text_color" type="text" default="#FFFFFF"  label="MOD_JPROGRESS_TEXT_COLOR_LABEL" description="MOD_JPROGRESS_TEXT_COLOR_DESC" />
    <field name="text_shadow" type="text" default="1px 1px #000000"  label="MOD_JPROGRESS_TEXT_SHADOW_LABEL" description="MOD_JPROGRESS_TEXT_SHADOW_DESC" />
     <field name="textalign" type="list" default="left" label="MOD_JPROGRESS_ALIGN_LABEL" description="MOD_JPROGRESS_ALIGN_DESC">
     <option value="right">MOD_JPROGRESS_RIGHT</option>
     <option value="left">MOD_JPROGRESS_LEFT</option>
     <option value="center">MOD_JPROGRESS_CENTER</option>
      </field>
      <field name="direction" type="list" default="ltr" label="MOD_JPROGRESS_DIRECTION_LABEL" description="MOD_JPROGRESS_DIRECTION_DESC">
     <option value="rtl">MOD_JPROGRESS_RTL</option>
     <option value="ltr">MOD_JPROGRESS_LTR</option>
    </field>
    <field name="titles_font" type="text" default="16px bold"  label="MOD_JPROGRESS_TITLE_FONT_LABEL" description="MOD_JPROGRESS_TITLE_FONT_DESC" />
    <field name="margin_table" type="text" default="20px 0 20px 0"  label="MOD_JPROGRESS_MARGIN_TABLE_LABEL" description="MOD_JPROGRESS_MARGIN_TABLE_DESC" />
    <field name="padding" type="text" default="10px"  label="MOD_JPROGRESS_PADDING_LABEL" description="MOD_JPROGRESS_PADDING_DESC" />
    <field name="height" type="text" default="20px"  label="MOD_JPROGRESS_HEIGHT_LABEL" description="MOD_JPROGRESS_HEIGHT_DESC" />
    <field name="font" type="text" default="18px normal"  label="MOD_JPROGRESS_FONT_LABEL" description="MOD_JPROGRESS_FONT_DESC" />
    <field name="value_place" type="radio" default="0" label="MOD_JPROGRESS_PLACE_LABEL" description="MOD_JPROGRESS_PLACE_DESC">
     <option value="1">MOD_JPROGRESS_OUTSIDE</option>
     <option value="0">MOD_JPROGRESS_INSIDE</option>
    </field>
    <field name="valuealign" type="list" default="left" label="MOD_JPROGRESS_VALUEALIGN_LABEL" description="MOD_JPROGRESS_VALUEALIGN_DESC">
     <option value="right">MOD_JPROGRESS_RIGHT</option>
     <option value="left">MOD_JPROGRESS_LEFT</option>
     <option value="center">MOD_JPROGRESS_CENTER</option>
      </field>
    <field name="animation" type="radio" default="0" label="MOD_JPROGRESS_ANIMATE_LABEL" description="MOD_JPROGRESS_ANIMATE_DESC">
     <option value="1">JYES</option>
     <option value="0">JNO</option>
    </field>
    </fieldset>

    </fields>

    </config>

    </extension>
